{"sections":{"4b4e61b4-0be5-4574-a91b-73e23310d5a9":{"type":"image-banner","blocks":{"template--19523620340002__4b4e61b4-0be5-4574-a91b-73e23310d5a9-text-1":{"type":"text","disabled":true,"settings":{"text":"buy stuff or the cactus gets it!","text_style":"body"}}},"block_order":["template--19523620340002__4b4e61b4-0be5-4574-a91b-73e23310d5a9-text-1"],"settings":{"image":"shopify:\/\/shop_images\/pot2.png","image_overlay_opacity":0,"image_height":"medium","desktop_content_position":"middle-center","show_text_box":true,"desktop_content_alignment":"center","color_scheme":"","image_behavior":"none","mobile_content_alignment":"center","stack_images_on_mobile":true,"show_text_below":true}},"cc92fe4a-6c20-40f3-8363-c4d665933ecd":{"type":"rich-text","blocks":{"032d34d6-06b6-4f53-a09e-d583bcce9544":{"type":"text","settings":{"text":"<p> buy stuff or the cactus gets it!<\/p>"}}},"block_order":["032d34d6-06b6-4f53-a09e-d583bcce9544"],"custom_css":[],"settings":{"desktop_content_position":"center","content_alignment":"center","color_scheme":"","full_width":false,"padding_top":40,"padding_bottom":52}},"main-collection-banner":{"type":"main-collection-banner","custom_css":[".collection-hero__title {text-align: center;}"],"settings":{"show_collection_description":true,"show_collection_image":false,"color_scheme":"background-1"}},"main-product-grid":{"type":"main-collection-product-grid","settings":{"products_per_page":20,"columns_desktop":4,"image_ratio":"adapt","image_shape":"default","show_secondary_image":true,"show_vendor":false,"show_rating":false,"enable_quick_add":false,"enable_filtering":true,"filter_type":"horizontal","enable_sorting":true,"columns_mobile":"2","padding_top":0,"padding_bottom":64}}},"order":["4b4e61b4-0be5-4574-a91b-73e23310d5a9","cc92fe4a-6c20-40f3-8363-c4d665933ecd","main-collection-banner","main-product-grid"]}