{"sections":{"c86ee897-6ce3-41b4-83e8-c2b226382966":{"type":"image-banner","settings":{"image":"shopify:\/\/shop_images\/Screen_Shot_2023-10-19_at_12.06.45_PM.png","image_overlay_opacity":0,"image_height":"medium","desktop_content_position":"middle-center","show_text_box":true,"desktop_content_alignment":"center","color_scheme":"","image_behavior":"none","mobile_content_alignment":"center","stack_images_on_mobile":true,"show_text_below":true}},"featured_collection":{"type":"featured-collection","disabled":true,"settings":{"title":"Featured products","heading_size":"h2","description":"","show_description":false,"description_style":"body","collection":"all","products_to_show":8,"columns_desktop":4,"full_width":false,"show_view_all":false,"view_all_style":"solid","enable_desktop_slider":false,"color_scheme":"background-1","image_ratio":"square","image_shape":"default","show_secondary_image":false,"show_vendor":false,"show_rating":false,"enable_quick_add":false,"columns_mobile":"2","swipe_on_mobile":true,"padding_top":16,"padding_bottom":64}},"52a33a0c-0f16-45aa-82f1-42da4623c62d":{"type":"rich-text","blocks":{"template--19523620372770__52a33a0c-0f16-45aa-82f1-42da4623c62d-heading-1":{"type":"heading","settings":{"heading":"myfriendroze ceramics & death's door succulents","heading_size":"h1"}},"template--19523620372770__52a33a0c-0f16-45aa-82f1-42da4623c62d-text-1":{"type":"text","settings":{"text":"<p>Hello there, I'm Roze. I'm the owner and operator of DD Succulents, and myfriendroze. My name is not DD, but I answer to that now too. D.D stands for death's door- and as I like to say \"buy them before I can kill them\"!<br\/><br\/>You see, I love succulents and cacti (to death sometimes). I started hoarding (buying) succulents eons ago, but when the pandemic hit- my addiction kicked into full gear. Rather than go to rehab, I decided, this was my calling. At the same time, I<br\/>\"left\" my career in the music industry, and also decided to finally dust off my art degree and start making things that would go with the plants. So now if you buy a planter you can say myfriendroze made it!<br\/><br\/><\/p>"}}},"block_order":["template--19523620372770__52a33a0c-0f16-45aa-82f1-42da4623c62d-heading-1","template--19523620372770__52a33a0c-0f16-45aa-82f1-42da4623c62d-text-1"],"settings":{"desktop_content_position":"center","content_alignment":"center","color_scheme":"","full_width":true,"padding_top":40,"padding_bottom":40}},"rich_text_KpJ7kL":{"type":"rich-text","blocks":{"heading_GVDhPp":{"type":"heading","settings":{"heading":"myfriendroze & d.d. succulents in the wild","heading_size":"h1"}},"text_GQNrzV":{"type":"text","settings":{"text":"<ul><li><strong>Every Sunday 11am Sale in Plant Killers Purge on Facebook <\/strong> <br\/><a href=\"https:\/\/www.facebook.com\/events\/1074161793501349\" title=\"https:\/\/www.facebook.com\/groups\/plantkillers\/\">Join us there to participate!<br\/><br\/><\/a><\/li><li><strong>Pasadena Artwalk \/ Jackalope<br\/><\/strong>9\/20-21\/2025  11a - 6p<br\/>Green St<br\/>Pasadena CA<br\/><br\/><\/li><\/ul>"}}},"block_order":["heading_GVDhPp","text_GQNrzV"],"settings":{"desktop_content_position":"center","content_alignment":"center","color_scheme":"","full_width":true,"padding_top":40,"padding_bottom":52}},"770af356-5bcb-4e5a-a7ea-fdd7d8a333cd":{"type":"newsletter","blocks":{"template--19523620372770__770af356-5bcb-4e5a-a7ea-fdd7d8a333cd-heading-1":{"type":"heading","settings":{"heading":"sign up to be annoyed by us","heading_size":"h1"}},"template--19523620372770__770af356-5bcb-4e5a-a7ea-fdd7d8a333cd-paragraph-1":{"type":"paragraph","settings":{"text":"<p>we promise we’re too lazy for lots of emails <\/p>"}},"template--19523620372770__770af356-5bcb-4e5a-a7ea-fdd7d8a333cd-email_form-1":{"type":"email_form","settings":{}}},"block_order":["template--19523620372770__770af356-5bcb-4e5a-a7ea-fdd7d8a333cd-heading-1","template--19523620372770__770af356-5bcb-4e5a-a7ea-fdd7d8a333cd-paragraph-1","template--19523620372770__770af356-5bcb-4e5a-a7ea-fdd7d8a333cd-email_form-1"],"custom_css":[],"settings":{"color_scheme":"","full_width":true,"padding_top":40,"padding_bottom":52}}},"order":["c86ee897-6ce3-41b4-83e8-c2b226382966","featured_collection","52a33a0c-0f16-45aa-82f1-42da4623c62d","rich_text_KpJ7kL","770af356-5bcb-4e5a-a7ea-fdd7d8a333cd"]}