{"sections":{"main":{"type":"main-page","disabled":true,"settings":{"padding_top":36,"padding_bottom":36}},"16973198581077503f":{"type":"apps","blocks":{"58ae3fc5-8183-4e76-b0ab-921e81014712":{"type":"shopify:\/\/apps\/instafeed\/blocks\/app-block\/c447db20-095d-4a10-9725-b5977662c9d5","settings":{"title":"myfriendroze","title_color":"","alignment":"center","background_color":"","feed_id":"","html_area":""}}},"block_order":["58ae3fc5-8183-4e76-b0ab-921e81014712"],"settings":{"include_margins":true}}},"order":["main","16973198581077503f"]}