{"sections":{"471b345f-0b30-4c2a-ab9b-f3ff6bb48216":{"type":"image-banner","settings":{"image":"shopify:\/\/shop_images\/IMG_2362.jpg","image_overlay_opacity":0,"image_height":"medium","desktop_content_position":"middle-center","show_text_box":true,"desktop_content_alignment":"center","color_scheme":"","image_behavior":"none","mobile_content_alignment":"center","stack_images_on_mobile":true,"show_text_below":true}},"main":{"type":"main-page","disabled":true,"settings":{"padding_top":0,"padding_bottom":36}},"a3bf889b-93de-4a41-91af-b4ce28f96cbc":{"type":"rich-text","blocks":{"template--21333015003426__a3bf889b-93de-4a41-91af-b4ce28f96cbc-heading-1":{"type":"heading","settings":{"heading":"dd's in the wild","heading_size":"h1"}}},"block_order":["template--21333015003426__a3bf889b-93de-4a41-91af-b4ce28f96cbc-heading-1"],"settings":{"desktop_content_position":"center","content_alignment":"center","color_scheme":"","full_width":true,"padding_top":40,"padding_bottom":52}},"rich_text_QpHbmY":{"type":"rich-text","blocks":{"heading_xiCAhj":{"type":"heading","settings":{"heading":"upcoming events","heading_size":"h1"}},"text_rjTX7h":{"type":"text","settings":{"text":"<ul><li><strong>Every Sunday 11am Sale in Plant Killers Purge on Facebook <\/strong> <br\/><a href=\"https:\/\/www.facebook.com\/events\/1074161793501349\" title=\"https:\/\/www.facebook.com\/groups\/plantkillers\/\">Join us there to participate!<\/a><\/li><\/ul><p><\/p><ul><li><strong>Prickly Monster<br\/>Cactus & Succulent Festival<\/strong><br\/>Sunday, August 3, 2025 12-5p<br\/>Common Space Brewery<br\/>3411 W. El Segundo Blvd<br\/>Hawthorne, CA<br\/><\/li><li><strong>Pasadena Artwalk \/ Jackalope<br\/><\/strong>9\/20-21\/2025  11a - 6p<br\/>Green St<br\/>Pasadena CA<br\/><br\/><\/li><\/ul>"}}},"block_order":["heading_xiCAhj","text_rjTX7h"],"settings":{"desktop_content_position":"center","content_alignment":"center","color_scheme":"","full_width":true,"padding_top":0,"padding_bottom":52}}},"order":["471b345f-0b30-4c2a-ab9b-f3ff6bb48216","main","a3bf889b-93de-4a41-91af-b4ce28f96cbc","rich_text_QpHbmY"]}