{"sections":{"main":{"type":"main-page","disabled":true,"settings":{"padding_top":36,"padding_bottom":0}},"contact-form":{"type":"contact-form","settings":{"heading":"extend a branch or get help","heading_size":"h2","color_scheme":"background-1","padding_top":0,"padding_bottom":100}},"889292d8-cf92-4b50-90e7-12f10f6cf3b4":{"type":"rich-text","blocks":{"template--19523620438306__889292d8-cf92-4b50-90e7-12f10f6cf3b4-heading-1":{"type":"heading","settings":{"heading":"join our Facebook group","heading_size":"h1"}},"template--19523620438306__889292d8-cf92-4b50-90e7-12f10f6cf3b4-button-1":{"type":"button","settings":{"button_label":"Plant Killers Purge","button_link":"https:\/\/www.facebook.com\/groups\/plantkillers","button_style_secondary":false,"button_label_2":"","button_link_2":"","button_style_secondary_2":false}}},"block_order":["template--19523620438306__889292d8-cf92-4b50-90e7-12f10f6cf3b4-heading-1","template--19523620438306__889292d8-cf92-4b50-90e7-12f10f6cf3b4-button-1"],"settings":{"desktop_content_position":"center","content_alignment":"center","color_scheme":"","full_width":true,"padding_top":40,"padding_bottom":52}}},"order":["main","contact-form","889292d8-cf92-4b50-90e7-12f10f6cf3b4"]}