{"sections":{"ce108123-a894-4fd6-a495-abc2d630c540":{"type":"image-banner","settings":{"image":"shopify:\/\/shop_images\/Screen_Shot_2023-06-25_at_9.49.46_PM.png","image_overlay_opacity":0,"image_height":"medium","desktop_content_position":"middle-center","show_text_box":true,"desktop_content_alignment":"center","color_scheme":"","image_behavior":"none","mobile_content_alignment":"center","stack_images_on_mobile":true,"show_text_below":true}},"main":{"type":"main-page","disabled":true,"custom_css":["title {text-align: center !important;}"],"settings":{"padding_top":36,"padding_bottom":36}},"rich_text_btNkdH":{"type":"rich-text","blocks":{"heading_jDibBV":{"type":"heading","settings":{"heading":"d.d. story","heading_size":"h1"}},"text_amzhXC":{"type":"text","settings":{"text":"<p>Hello there, I'm Roze. I'm the owner and operator of DD Succulents, and myfriendroze. My name is not DD, but I answer to that now too. D.D stands for death's door- and as I like to say \"buy them before I can kill them\"!<br\/><br\/>You see, I love succulents and cacti (to death sometimes). I started hoarding (buying) succulents eons ago, but when the pandemic hit- my addiction kicked into full gear. Rather than go to rehab, I decided, this was my calling. At the same time, I<br\/>\"left\" my career in the music industry, and also decided to finally dust off my art degree and start making things that would go with the plants. So now if you buy a planter you can say myfriendroze made it!<br\/><br\/><\/p>"}}},"block_order":["heading_jDibBV","text_amzhXC"],"settings":{"desktop_content_position":"center","content_alignment":"center","color_scheme":"","full_width":true,"padding_top":40,"padding_bottom":52}}},"order":["ce108123-a894-4fd6-a495-abc2d630c540","main","rich_text_btNkdH"]}